"Group.1","Group.2","u_teamid","count","AME","lower","upper","error","z","p","inv_weight","Jobs","Unemp","IncDiff","OldAge","House","Health","Scale","Stock","Flow","ChangeFlow","main_IV_as_control","twowayfe","cluster_any","mlm_any","mlm_re","mlm_fe","hybrid_mlm","level_cyear","level_country","level_year","country_dummies_only","year_dummies_only","year_as_count","logit","ologit","lpm","listwise","multimpute","ols","mlogit","ml_glm","bayes","L2boots","weights","pseudo_pnl","stata","r","mplus","spss","mlwin","dichotomize","categorical","mmodel","unbalpanel","w1985","w1990","w1996","w2006","w2016","AU","AT","BE","BG","CA","CL","HR","CY","CZ","DK","FI","FR","DE","HU","IS","IN","IE","IL","IT","JP","KR","LV","LT","NT","NZ","NO","PH","PL","PT","RU","SK","SI","ES","SE","CH","UK","US","ZA","TW","TR","UY","VE","orig13","orig17","eeurope","allavailable","emigration_ivC","emplrate_ivC","socx_ivC","unemprate_ivC","gdp_ivC","unchange_ivC","poverty_ivC","fbunemprate_ivC","fbunempchange_ivC","fbeducrate_ivC","fbeducratechange_ivC","socxchg_ivC","gdpchange_ivC","ginin_ivC","mcp_ivC","regime_ivC","socialistdummy_ivC","targeting_ivC","socx_programspecific_ivC","conservatism_ivC","decomm_ivC","tradeunion10_ivC","subFB_ivC","socult_ivC","fract_ivC","antiimm_ivC","pop_ivC","age_iv","age2_iv","sex_iv","employed_iv","income_iv","occclass_iv","occstatus_iv","education_iv","married_iv","household_iv","reldenom_iv","relattend_iv","publice_iv","urban_iv","fb_iv","cuts_iv","taxes_iv","upol_iv","leftright_iv","trust_iv","efficacy_iv","fbXnet","netXcons","netXeduc","netXage","netXsex","netXunemp","netXinc","fbXeduc","fbXage","fbXsex","fbXunemp","fbXgini","fbXurban","fbXinc","squared_imm","fractXfb","fbXleftright","anynonlin","Hsupport","Hreject","Hnotest","Hmixed","Hsupport_stock","Hreject_stock","Hnotest_stock","Hsupport_net","Hreject_net","Hnotest_net","AME_Z","lower_Z","upper_Z","Hresult","Hsup","Hrej","Hno","AME_sup_p05","AME_sup_p10","countries","belief_strength","pro_immigrant","changemind_delib","topic_interest","pub_interest","team_size","stat","topic","belief","score_waves","score_cases","score_levels","score_mlm","score_mator","score_weight","total_score","pos_test_pct_p05","pos_test_pct_p10","stat_cat","belief_cat","topic_cat","total_score_cat"
1,"No test",1,50.5,NA,NA,NA,NA,NA,NA,8,0.25,0.25,0.25,0.25,0,0,0,1,0,0,1,0,0,1,1,0,0,1,0,0,0,0,0,0,1,0,1,0,0,0,0,1,0,0,0,0,1,0,0,0,0,1,0,0,0,0,1,1,0,1,0,0,0,1,0,0,0,0,0,0,1,1,0,0,0,1,0,0,1,0,0,0,0,1,1,0,0,0,0,0,0,1,1,1,1,1,0,0,0,0,0,1,0,0,0,0,1,1,0,0,0,0,0,0,0,0,0,0,0,0,0,0,0,0,0,0,0,0,0,0,0,0,1,1,1,1,0,0,0,1,0,0,0,0,0,0,0,0,0,0,0,0,0,0,0,0,0,0,0,0,0,0,0,0,0,0,0,0,0,0,0,0,0,1,0,NA,NA,NA,NA,NA,NA,NA,NA,NA,"No test",0,0,1,NA,NA,13,7,4,4,3,4,3,0.238132638988832,-0.299672544304737,-0.420377559523211,0.26650367,0.34229829,0.37041565,0.50977995,0.35696822,0.3,0.357660963333333,0,0,"Low","Lowest","Lowest","Low"
2,"No test",2,57,0.00447,-0.0089,0.01783,0.01337,0.65543,0.51219,4,1,1,1,1,0,1,1,1,0,0,0,1,0,1,1,0,0,1,0,0,0,0,0,0,0,0,1,0,0,0,1,0,0,0,0,1,0,0,0,0,0,0,1,1,1,1,1,1,1,1,1,1,0,1,0,0,0,0,1,1,1,1,0,1,0,1,0,1,1,0,0,0,1,1,1,0,0,1,0,0,0,1,1,1,1,1,0,0,0,0,0,0,0,0,0,0,0,0,0,0,0,0,0,0,0,0,0,0,0,0,0,0,0,0,0,0,0,0,0,0,0,0,1,1,1,1,1,0,0,1,0,0,0,0,0,0,0,0,0,0,0,0,0,0,0,0,0,0,0,0,0,0,0,0,0,0,0,0,0,0,0,0,0,1,0,NA,NA,NA,NA,NA,NA,0.00447,-0.0089,0.01783,"No test",0,0,1,0,0,21,6,3.33333333333333,3,4,5,3,0.552806474400866,0.524286105795955,0.262652035473427,1,NA,0.37041565,0.50977995,0.59046455,0.3,0.55413203,0.5,0.5,"High","High","High","Highest"
3,"No test",3,63.5,-0.00383333333333333,-0.00716666666666667,-0.000833333333333333,0.00333333333333333,-2.31998833333333,0.387833333333333,12,0.166666666666667,0.166666666666667,0.166666666666667,0.166666666666667,0.166666666666667,0.166666666666667,0,1,0,0,0,1,0,0,0,0,0,0,0,0,0,0,0,1,0,0,1,0,0,0,0,0,0,0,0,0,1,0,0,0,1,0,0,1,0,0,1,1,1,1,0,0,0,1,0,0,0,0,0,0,1,1,0,0,0,1,0,0,1,0,0,0,0,1,1,0,0,0,0,0,0,1,1,1,1,1,0,0,0,0,0,1,0,0,0,0,0,0,0,0,0,0,0,0,0,0,0,0,0,0,0,0,0,0,0,0,0,0,0,0,0,0,1,1,1,1,1,0,0,1,0,0,0,0,0,0,0,0,0,0,0,0,0,0,0,0,0,0,0,0,0,0,0,0,0,0,0,0,0,0,0,0,0,1,0,NA,NA,NA,NA,NA,NA,-0.00383333333333333,-0.00716666666666667,-0.000833333333333333,"No test",0,0,1,0.5,0.5,13,5,2,3,4,4,2,0.143227567012795,-0.076515256800739,-0.39494295911237,0.49511002,0.34229829,0.04889976,0.37408313,0.44254279,0.3,0.333822331666667,0.416666666666667,0.416666666666667,"Low","Lowest","Low","Lowest"
5,"No test",5,86.5,-0.0018175,-0.064736875,0.061105625,0.062919375,-0.638986875,0.401129375,32,0.25,0.25,0.25,0.25,0,0,0,1,0,0,0,0,0,1,1,0,0,0,1,0,0,0,0,1,0,0,1,0,0,0,0,0,0,0,0,1,0,0,0,0,1,0,0,0,0,0,0,0.5,0.5,1,0,0.5,0,0.5,0.5,0,0,0.5,0.5,1,0.5,1,1,0.5,0,0.5,1,0,0.5,1,1,0,0.5,0.5,1,0,0.5,0.5,0,0.5,1,1,1,1,1,1,0,0,0,0,0,0,0,1,1,0,0,1,1,0,0,0,0,0,0,0,0,0,0,0,0,0,0,0,0,0,0,0,0,0,0,0,1,1,1,1,0,0,0,1,0,0,0,0,0,0,0,0,0,0,0,0,0,0,0,0,0,0,0,0,0,0,0,0,0,0,0,0,0,0,0,0,0,1,0,NA,NA,NA,NA,NA,NA,-0.0018175,-0.064736875,0.061105625,"No test",0,0,1,0.0625,0.1875,21,2,3.33333333333333,3,4,5,3,-0.21501214947844,-0.244197548085396,-0.354884089483158,NA,0.91381418,0.59168704,0.50977995,0.44254279,0.3,0.551564792,0.03125,0.09375,"Low","Lowest","Low","Highest"
18,"No test",18,179.5,0.0045,0.00233333333333333,0.00666666666666667,0.00216666666666667,4.50568833333333,0.08743,12,0.166666666666667,0.166666666666667,0.166666666666667,0.166666666666667,0.166666666666667,0.166666666666667,0,1,0,0,1,1,0,0,0,0,0,0,0,0,0,0,0,1,0,0,1,0,0,0,0,0,0,0,0,0,1,0,0,0,1,0,0,1,0,0,1,1,1,1,0,0,0,1,0,1,0,0,0,1,1,1,1,0,0,1,0,0,1,0,1,0,0,1,1,0,1,0,0,0,1,1,1,1,0,1,0,0,0,0,0,0,0,1,0,0,0,0,0,0,0,0,0,0,0,0,0,0,0,0,0,0,0,0,0,0,0,0,0,0,0,0,1,1,1,0,1,0,0,1,0,0,0,0,0,0,0,0,0,0,0,0,0,0,0,0,0,0,0,1,0,0,0,0,0,0,0,0,0,0,1,0,0,1,0,NA,NA,NA,NA,NA,NA,0.0045,0.00233333333333333,0.00666666666666667,"No test",0,0,1,0,0,18,3,2,3,5,5,3,-0.136941585278708,0.134794317476992,0.209909002701657,0.49511002,0.91381418,0.04889976,0.37408313,0.44254279,0.3,0.42907498,0.0833333333333333,0.0833333333333333,"Low","Low","Low","High"
32,"No test",32,402,0.00808,-0.03134,0.04751,0.03942,0.40179,0.68784,1,1,1,1,1,1,1,1,1,0,0,0,1,1,0,0,0,0,0,0,0,0,0,0,0,0,0,1,0,1,0,0,0,0,1,0,1,0,0,0,0,0,0,0,1,0,0,1,1,1,1,0,0,0,0,0,0,0,0,0,0,1,1,0,0,0,0,0,0,1,0,0,0,0,1,1,0,0,0,0,0,0,1,1,1,1,1,0,0,0,0,0,0,0,0,0,0,0,1,1,0,0,0,0,0,0,0,0,0,0,0,0,0,0,0,0,0,0,0,0,0,0,0,1,1,1,1,0,0,0,1,1,0,0,0,0,0,0,0,0,0,0,0,0,0,0,0,0,0,0,0,0,0,0,0,0,0,0,0,0,0,0,0,0,1,0,NA,NA,NA,NA,NA,NA,0.00808,-0.03134,0.04751,"No test",0,0,1,0,0,11,5,2.33333333333333,3,5,5,3,0.417680235058367,0.0344154403619487,0.110009471514692,0.49511002,NA,0.04889976,0.68826406,0.09779951,0.77506112,0.421026894,0,0,"High","Low","Low","High"
54,"No test",54,602.5,-0.000588333333333333,-0.00743666666666667,0.006255,0.00684833333333333,-0.17425,0.461888333333333,12,1,1,1,1,0,0,1,1,0,0,0.5,1,1,0,0,0,0,0,0,0,0,0,0,0,0,0,1,0,0,0,1,0,0,1,0,1,0,0,0,0,0,0,1,1,0,0.666666666666667,1,1,1,1,0,0,0,1,1,0.666666666666667,0,0,1,1,1,1,1,0,0,1,1,1,1,0,1,0,0,1,1,0,1,0,0.666666666666667,0,1,1,1,1,1,1,0.666666666666667,0,0,0,0,0,0,1,1,0,0.333333333333333,0.333333333333333,0,0,0,0,0,0,0,0,0,0,0,0,0,0,0,0,0,0,0,0,0,0,0,0,1,1,1,1,0,0,0,1,0,0,0,0,0,0,0,0,0,0,0,0,0,0,0,0,0,0,0,0,0,0,0,0,0,0,0,0,0,0,0,0,0,1,0,1,0,0,0,1,0,-0.000588333333333333,-0.00743666666666667,0.006255,"No test",0,0,1,0,0,24,4,2.33333333333333,2,5,5,3,0.340589275161526,0.196817541665023,-0.171414649812028,0.83170334,0.91381418,0.04889976,0.68826406,0.59046455,0.77506112,0.641367835,0,0,"High","Low","Low","Highest"
64,"No test",64,739.5,0.0089025,-0.0055125,0.02332,0.014415,1.18518375,0.28940375,16,1,1,1,1,1,1,1,1,0,0,0,0,0,1,1,0,0,0,1,0,0,0,0,0,0,0,1,0,0,0,1,0,0,0,0,1,0,0,0,0,0,0,1,0,0,0,0,0.5,0.5,0.75,0,0.5,0,0,0,0,0,1,0.625,1,1,1,1,0.375,0,0,0,0,0.625,0,1,0,0,0.75,1,0,0,0,0,0.5,1,1,1,1,0.75,0.75,0,0,0,0,0,0,0,1,1,0,0,0.25,0.25,0,0,0,0,0,0,0,0,0,0,0.25,0,0,0,0,0,0,0,0,0,0,0,0,1,1,1,1,0,0,0,1,0,0,0,0,0,0,0,0,0,0,1,0,0,0,0,0,0,0,0,0,0,0,0,0,0,0,0,0,0,0,0,0,0,1,0,NA,NA,NA,NA,NA,NA,0.0089025,-0.0055125,0.02332,"No test",0,0,1,0,0,16.625,3,3,3,5,4,3,-0.772639620583323,-0.500030321703247,-0.0233600182485893,NA,0.91381418,0.59168704,0.50977995,0.59046455,0.3,0.581149144,0,0,"Lowest","Low","Lowest","Highest"
73,"No test",73,942.5,0.0119983333333333,-0.00184666666666667,0.0258466666666667,0.013845,1.46668833333333,0.325343333333333,12,0.166666666666667,0.166666666666667,0.166666666666667,0.166666666666667,0.166666666666667,0.166666666666667,0,1,0,0,0,1,1,0,0,0,0,0,0,0,0,0,0,0,1,0,1,0,0,0,0,0,0,1,0,1,0,0,0,0,0,1,0,1,0,0,1,1,1,1,0,0,0,1,0,0,0,0,0,0,1,1,0,0,0,1,0,0,1,0,0,0,0,1,1,0,0,0,0,0,0,1,1,1,1,1,0,0,0,0,0,1,0,0,0,0,0,0,0,0,0,0,0,0,0,0,0,0,0,0,0,0,0,0,0,0,0,0,0,0,0,0,0,0,1,1,1,0,0,1,1,1,0,1,0,0,0,0,0,0,0,0,0,0,0,0,0,0,0,0,0,0,0,0,0,0,0,0,0,0,0,0,0,1,0,NA,NA,NA,NA,NA,NA,0.0119983333333333,-0.00184666666666667,0.0258466666666667,"No test",0,0,1,0,0,13,2,1,3,4,4,1,-0.345832199727883,-0.358481640873335,0.341758096359153,0.49511002,0.34229829,0.04889976,0.68826406,0.49022005,0.77506112,0.473308883333333,0.166666666666667,0.166666666666667,"Lowest","High","Lowest","High"
82,"No test",82,979.5,0.0037575,-0.01029875,0.01781375,0.01405625,0.6850825,0.32656875,8,0.25,0.25,0.25,0.25,0,0,0,1,0,0,1,0,0,1,0.5,0.5,0,0,0,0,0,0,0,0,0,1,1,0,1,0,0,0,0,0,0,0,1,0,0,0,1,0,0,0,0,0,0,1,1,0,0,0,0,0,0,0,0,0,0,0,0,0.375,0,0,0,0,0,0,0,0,0,0,0,0,0,0,0,0,0,0,0,0,0,0,0,0,0,0,0,0,0,0,0,0,0,0,0,0.375,0.375,0,0,0,0,0,0,0,0,0,0,0,0,0,0,0,1,0,0,0,0,0,0,0,1,1,1,1,0,0,0,1,0,0,0,0,0,0,0,0,0,0,0,0,0,0,0,0,0,0,0,0,0,0,0,0,0,0,0,0,0,0,0,0,0,1,0,NA,NA,NA,NA,NA,NA,0.0037575,-0.01029875,0.01781375,"No test",0,0,1,0,0,1,1,2.5,2,5,4,2,-0.152171881273705,-0.0962557812777212,0.262479531760609,0.78850856,NA,0.04889976,0.669315405,0.09779951,0.3,0.380904647,0,0,"Low","High","Low","Low"
0,"Reject",0,12.5,-0.00509875,-0.00963,-0.00057,0.00453125,-2.06072666666667,0.245984583333333,48,0.166666666666667,0.166666666666667,0.166666666666667,0.166666666666667,0.166666666666667,0.166666666666667,0,1,0,0,0.25,1,1,0,0,0,0,0,0,0,0,0,0,1,0,0,1,0,0,0,0,0,0,0,0,1,0,0,0,0,1,0,0,0,0,0,1,1,0,1,0,0,0,1,0,0,0,0,0,0,1,1,0,0,0,1,0,0,1,0,0,0,0,1,1,0,0,0,0,0,0,1,1,1,1,1,0,0,0,0,0,1,0,0,0,0,0.25,0.25,0,0,0,0,0,0,0,0,0,0,0,0,0,0,0,0,0,0,0,0,0,0,0,0,1,1,1,1,0.916666666666667,0,0,1,0,0,0,0,0,0,0,0,0,0,0,0,0,0,0,0,0,0,0,0,0,0,0,0,0,0,0,0,0,0,0,0,1,0,0,NA,NA,NA,NA,NA,NA,-0.00509875,-0.00963,-0.00057,"Reject",0,1,0,0.5,0.541666666666667,13,NA,NA,NA,NA,NA,2,NA,NA,NA,0.26650367,0.34229829,0.04889976,0.68826406,0.44254279,0.3,0.348084761666667,0.25,0.270833333333333,NA,NA,NA,"Low"
7,"Reject",7,115,0.03423,0.009576,0.058882,0.024654,2.676106,0.022774,10,0.4,0.4,0.4,0.4,0,0,0.2,1,0,0,1,1,0,1,1,0,0,1,0,0,0,0,0,0,0,0,1,0,0,0,1,0,0,0,0,1,0,0,0,0,0,0,0.2,1,1,1,1,1,1,1,0,0,0,1,0,0,0,0,0,1,1,1,0,0,0,1,0,1,1,0,0,0,0,1,1,0,0,0,0,0,0,1,1,1,1,1,0,0,0,0,0,0,0,0,0,0,0,0,1,0,0,0,0,0,0,0,0,0,0,1,0,0,0,0,1,1,0,0,0,0,0,0,1,1,1,1,1,0,0,1,1,1,0,0,0,0,0,0,0,0,0,0,0,0,0,0,0,0,0,0,0,0,0,0,0,0,0,0,0,0,0,0,0,0,1,0,1,0,1,0,0,0.03423,0.009576,0.058882,"Reject",0,1,0,0,0,15,5,3,3,4,4,3,0.362844059550594,-0.0140273044526838,0.20964397405074,1,NA,0.37041565,0.50977995,0.59046455,0.3,0.55413203,0,0,"High","Low","Low","Highest"
8,"Reject",8,123,-0.00668,-0.01894,0.00558,0.01226,-1.06709,0.28593,1,1,1,1,1,1,1,1,1,0,0,0,0,0,1,1,0,0,1,1,0,0,1,0,0,0,0,1,0,0,0,1,0,0,0,0,1,0,0,0,0,0,0,1,1,0,0,1,1,0,1,0,0,0,1,0,0,0,0,0,0,1,1,0,0,0,1,0,0,1,0,0,0,0,1,1,0,0,0,0,0,0,1,1,1,1,1,0,0,0,0,0,1,0,0,0,0,1,1,0,0,0,0,0,0,0,0,0,0,0,0,0,0,0,0,0,0,0,0,0,0,0,0,1,1,1,1,0,0,0,1,0,0,0,0,0,0,0,0,0,0,0,0,0,0,0,0,0,0,0,0,0,0,0,0,0,0,0,0,0,0,0,0,1,0,0,NA,NA,NA,NA,NA,NA,-0.00668,-0.01894,0.00558,"Reject",0,1,0,0,0,13,3,2,3,4,4,3,0.640604897299693,0.986731282900531,-0.302411887044862,0.26650367,0.34229829,0.66136919,0.50977995,0.59046455,0.3,0.445069275,0,0,"High","Lowest","Highest","High"
12,"Reject",12,138.5,-0.00716666666666667,-0.0246666666666667,0.0105,0.0175,-0.960938333333333,0.203946666666667,12,0.166666666666667,0.166666666666667,0.166666666666667,0.166666666666667,0.166666666666667,0.166666666666667,0,1,0,0,1,0,0,1,1,0,0,0,1,1,0,0,0,0,0,0,1,0,0,0,1,0,0,0,0,0,1,0,0,0,0,0,1,1,0,0,1,1,0,1,0,0,0,1,0,0,0,0,0,1,1,1,0,0,0,1,0,0,1,0,0,0,0,1,1,0,0,1,0,0,0,1,1,1,1,1,0,0,0,0,0,0,0,0,0,0,1,1,0,0,0,0,0,0,0,0,0,0,0,1,0,0,0,0,0,0,0,0,0,0,0,0,1,1,1,1,1,0,0,1,0,0,0,0,0,0,0,0,0,0,1,0,0,0,0,0,0,0,0,0,0,0,0,0,0,0,0,0,0,0,0,0,1,0,0,NA,NA,NA,NA,NA,NA,-0.00716666666666667,-0.0246666666666667,0.0105,"Reject",0,1,0,0.166666666666667,0.166666666666667,15,2,4,4,5,4,3,0.0611723860943912,-0.442045310545674,-0.278223352373904,0.26650367,NA,0.53667482,0.50977995,0.59046455,0.3,0.440684598,0.0833333333333333,0.0833333333333333,"Low","Lowest","Lowest","High"
13,"Reject",13,150.5,-0.0246666666666667,-0.0864066666666667,0.0370733333333333,0.06174,-0.865355,0.332631666666667,24,0.166666666666667,0.166666666666667,0.166666666666667,0.166666666666667,0.166666666666667,0.166666666666667,0,1,0,0,0,0,0,1,1,0,1,1,1,0,0,1,0,1,0,0,1,0,0,0,0,0,0,0,0,0,0,0,0,1,1,0,0,1,0,0,1,1,0,1,0,0,0,1,0,0,0,0,0,0,1,1,0,0,0,1,0,0,1,0,0,0,0,1,1,0,0,0,0,0,0,1,1,1,1,1,0,0,0,0,0,1,0,0,0,0,1,1,0,0,0,0,0,0,0,0,0,0,0,0,0,0,0,0,0,0,0,0,0,0,0,0,1,1,1,1,1,0,0,1,0,0,0,0,0,0,0,0,0,0,0,0,0,0,0,0,0,0,0,0,0,0,0,0,0,0,0,0,0,0,0,0,1,0,0,NA,NA,NA,NA,NA,NA,-0.0246666666666667,-0.0864066666666667,0.0370733333333333,"Reject",0,1,0,0.166666666666667,0.166666666666667,13,4,2.66666666666667,2,1,5,3,0.548955330913805,0.260778562481638,0.297979632804078,0.26650367,0.34229829,0.66136919,0.50977995,0.44254279,0.3,0.420415648333333,0.0416666666666667,0.0416666666666667,"High","High","High","High"
20,"Reject",20,199,-0.037,-0.045,-0.03,0.008,-9.66057,1e-05,3,1,1,1,1,1,1,1,1,0,0,1,1,0,0,0,0,0,0,0,0,0,0,0,0,0,0,1,0,1,0,0,0,0,0,0,0,1,0,0,0,0,0,1,1,0,0,1,1,1,1,0,0,0,1,0,0,0,0,0,0,1,1,0,0,0,1,0,0,0,0,0,0,1,1,1,0,0,0,0,0,0,1,1,1,1,1,0,0,0,0,0,1,0,0,0,0,1,1,1,1,0,0,0,0,0,0,0,0,1,0,1,0,0,0,0,0,0,0,0,0,0,1,1,1,1,1,1,0,0,1,0,0,0,0,0,0,0,1,0,1,0,0,0,0,0,0,0,0,0,0,0,0,0,0,0,0,0,0,0,0,0,0,1,0,0,NA,NA,NA,NA,NA,NA,-0.037,-0.045,-0.03,"Reject",0,1,0,1,1,13,3,2,3,4,4,2,0.351335912537265,-0.0641855098683553,0.194772397109651,0.49511002,0.34229829,0.04889976,0.37408313,0.09779951,0.3,0.276365118333333,0.333333333333333,0.333333333333333,"High","Low","Low","Lowest"
22,"Reject",22,206.5,0.000221666666666667,-0.00491,0.00535666666666667,0.00513166666666667,-2.08516833333333,0.235446666666667,6,0.166666666666667,0.166666666666667,0.166666666666667,0.166666666666667,0.166666666666667,0.166666666666667,0,1,0,0,0,0,1,0,0,0,0,0,0,0,0,0,0,0,0,1,1,0,0,0,1,0,0,0,0,1,0,0,0,0,1,0,0,0,0,0,0,0,1,0,0,1,0,0,0,0,0,0,1,1,1,1,0,0,0,0,0,0,0,0,0,0,0,0,1,0,0,0,0,0,0,1,1,1,1,0,0,0,0,0,0,0,0,0,0,0,1,1,0,0,0,0,0,0,0,0,0,0,0,1,1,0,0,0,0,0,0,0,0,0,0,0,1,1,1,1,1,0,0,1,1,1,0,1,0,1,0,0,0,0,0,0,0,0,0,0,0,0,0,0,0,0,0,0,0,0,0,0,0,0,0,0,1,0,0,NA,NA,NA,NA,NA,NA,0.000221666666666667,-0.00491,0.00535666666666667,"Reject",0,1,0,0.5,0.5,10,4,1.33333333333333,2,3,5,3,0.228157128311623,-0.252169259114682,0.0729773165595215,NA,NA,0.04889976,NA,0.09779951,0.3,0.148899756666667,0.5,0.5,"Low","Low","Lowest","Lowest"
23,"Reject",23,221.5,-0.00509875,-0.0175608333333333,0.00736166666666667,0.0124620833333333,-0.605837916666667,0.372669583333333,48,0.166666666666667,0.166666666666667,0.166666666666667,0.166666666666667,0.166666666666667,0.166666666666667,0,1,0,0,0.25,1,1,0,0,0,0,0,0,0,0,0,0,1,0,0,1,0,0,0,0,0,0,0,0,1,0,0,0,0,1,0,0,0,0,0,1,1,0,1,0,0,0,1,0,0,0,0,0,0,1,1,0,0,0,1,0,0,1,0,0,0,0,1,1,0,0,0,0,0,0,1,1,1,1,1,0,0,0,0,0,1,0,0,0,0,0.25,0.25,0,0,0,0,0,0,0,0,0,0,0,0,0,0,0,0,0,0,0,0,0,0,0,0,1,1,1,1,1,0,0,1,0,0,0,0,0,0,0,0,0,0,0,0,0,0,0,0,0,0,0,0,0,0,0,0,0,0,0,0,0,0,0,0,1,0,0,NA,NA,NA,NA,NA,NA,-0.00509875,-0.0175608333333333,0.00736166666666667,"Reject",0,1,0,0.208333333333333,0.25,13,4,3.5,3,2,4,2,-0.423219281063858,-0.441045366644611,0.335558445151362,0.26650367,0.34229829,0.04889976,0.68826406,0.44254279,0.3,0.348084761666667,0.104166666666667,0.125,"Lowest","High","Lowest","Low"
27,"Reject",27,264.5,-0.000936666666666667,-0.00378166666666667,0.00191,0.002845,-0.448028333333333,0.130001666666667,12,0.166666666666667,0.166666666666667,0.166666666666667,0.166666666666667,0.166666666666667,0.166666666666667,0,1,0,0,0,1,0,0,0,0,0,0,0,0,0,0,0,1,0,0,1,0,0,0,0,0,0,0,0,1,0,0,0,0,1,0,0,1,0,0,1,1,0,1,0,0,0,1,0,1,0,1,1,1,1,1,1,0,0,1,1,0,1,1,1,0,1,1,1,0,1,1,1,0,1,1,1,1,1,1,0,0,0,0,0,0,0,1,1,0,0,0,0,0,0,0,0,0,0,0,0,0,0,0,0,0,0,0,0,0,0,0,0,0,0,0,1,0,1,1,1,0,0,1,0,0,0,0,0,0,0,0,0,0,0,0,0,0,0,0,0,0,0,0,0,0,0,0,0,0,0,0,0,0,0,0,1,0,0,NA,NA,NA,NA,NA,NA,-0.000936666666666667,-0.00378166666666667,0.00191,"Reject",0,1,0,0.333333333333333,0.333333333333333,26,6,1,NA,NA,NA,1,0.338470305751378,0.222079078888209,-0.69342197363567,0.26650367,0.91381418,0.04889976,0.37408313,0.44254279,0.3,0.390973921666667,0.166666666666667,0.166666666666667,"High","Lowest","Low","Low"
28,"Reject",28,279.5,-0.000846666666666667,-0.00559333333333333,0.00390083333333333,0.00474666666666667,-0.467479166666667,0.5674475,24,0.166666666666667,0.166666666666667,0.166666666666667,0.166666666666667,0.166666666666667,0.166666666666667,0,1,0,0,0.5,1,1,0,0,0,0,0,0,0,0,0,0,1,0,0,1,0,0,0,0,0,0,0,0,0,1,0,0,0,1,0,0,1,1,1,1,1,1,1,0,0,0,1,0,1,0,1,1,1,1,1,1,0,0,1,1,1,1,1,1,0,0,1,1,0,1,0,1,0,1,1,1,1,1,1,0,0,0,0,0,0,0,1,1,0,0,0,1,1,0,0,0,0,0,0,0,0,0,0,0,0,0,0,0,0,0,0,0,0,0,0,1,1,0,1,0,0,0,1,0,0,0,0,0,0,0,0,0,0,0,0,0,0,0,0,0,0,0,0,0,0,0,0,0,0,0,0,0,0,0,0,1,0,0,NA,NA,NA,NA,NA,NA,-0.000846666666666667,-0.00559333333333333,0.00390083333333333,"Reject",0,1,0,0,0.166666666666667,25,5,4.33333333333333,3,5,5,3,0.210904800235559,0.526080957460832,-0.370345181301223,1,0.91381418,0.04889976,0.68826406,0.44254279,0.3,0.565586798333333,0,0.0833333333333333,"Low","Lowest","High","Highest"
30,"Reject",30,347.5,NA,NA,NA,NA,NA,NA,8,0.25,0.25,0.25,0.25,0,0,0,1,0,0,0,0,0,1,1,0,0,1,1,0,0,0,0,1,0,0,1,0,0,0,0,0,1,0,0,0,0,0,0,1,1,0,0,1,0,0,1,1,0,1,0,1,0,1,1,0,0,1,1,1,1,1,1,1,0,1,1,1,1,1,1,0,1,1,1,0,1,1,0,1,1,1,1,1,1,1,0,0,0,0,0,0,0,1,1,0,1,1,0,0,0,0,0,0,0,0,0,0,0,0,0,0,0,0,0,0,0,0,0,1,0,0,1,1,1,1,1,0,0,1,0,0,0,0,0,0,0,0,0,0,0,0,0,0,0,0,0,0,0,0,0,0,0,0,0,0,0,0,0,0,0,0,1,0,0,NA,NA,NA,NA,NA,NA,NA,NA,NA,"Reject",0,1,0,NA,NA,29,5,3.5,3,5,4,2,0.262669621389877,0.168413156144777,0.0472369003572106,0.26650367,0.91381418,0.66136919,0.50977995,0.44254279,0.3,0.515668296666667,0,0,"High","Low","Low","High"
31,"Reject",31,365.5,-0.00203583333333333,-0.0168629166666667,0.0127916666666667,0.0148270833333333,-0.223836666666667,0.62015,48,0.166666666666667,0.166666666666667,0.166666666666667,0.166666666666667,0.166666666666667,0.166666666666667,0,1,0,0,0.25,0,1,1,1,0,0,0,1,1,0,1,0,0,0,0,1,0,0,0,1,0,0,0,0,1,0,0,0,0,0,0,0,1,0,0,1,1,0,1,0,0,0,1,0,0.75,0,1,1,1,1,1,1,0,0,1,1,0,1,1,1,0,1,1,1,0,1,1,0.75,0,1,1,1,1,1,1,0.75,0,0,0,0,0,0,1,0,0,0.25,0.25,0,0,0,0,0,0,0,0,0,0,0,0,0,0,0,0,0,0,0,0,0,0,0,0,1,1,1,1,1,0,0,1,1,1,0,1,1,1,0,0,0,0,0,0,0,0,0,0,0,0,0,0,0,0,0,0,0,0,0,0,0,0,0,0,1,0,0,NA,NA,NA,NA,NA,NA,-0.00203583333333333,-0.0168629166666667,0.0127916666666667,"Reject",0,1,0,0,0,26.25,3,2,2,4,4,1,0.672873723231543,1.07240493956494,0.45908132758341,0.26650367,0.91381418,0.53667482,0.50977995,0.59046455,0.3,0.519539528333333,0,0,"High","High","Highest","High"
33,"Reject",33,407.5,-0.018724,-0.041836,0.004379,0.023112,-1.578032,0.127982,20,0.4,0.4,0.4,0.4,0,0,0.2,1,0,0,1,0,0,1,1,0,0,0,1,0,0,0,0,0,0,0,1,0,0,0,1,0,0,0,0,0,0,0,1,0,0,0,0.2,0,0,0,1,1,0,1,0,0,0,1,0,0,0,0,0,0,1,1,0,0,0,1,0,0,1,0,0,0,0,1,1,0,0,0,0,0,0,1,1,1,1,1,0,0,0,0,0,1,0,0,0,0,0.5,1,0,0,0,0,0,0,0,0,0,0,0,0,0,0,0,0,0,0,0,0,0,0,0,0,1,1,1,1,1,0,0,1,0,0,0,0,0,0,0,0,0,0,0,0,0,0,0,0,0,0,0,0,0,0,0,0,0,0,0,0,0,0,0,0,1,0,0,NA,NA,NA,NA,NA,NA,-0.018724,-0.041836,0.004379,"Reject",0,1,0,0,0.6,13,4,1,2,5,2,3,-0.208330780306316,-0.181040599812081,0.452913032901721,0.26650367,0.34229829,0.59168704,0.50977995,0.59046455,0.3,0.433455583333333,0,0.35,"Low","High","Low","High"
34,"Reject",34,428.5,-0.0011625,-0.0117025,0.0093775,0.01054,-0.1727125,0.51351,16,1,1,1,1,1,1,1,1,0,0,0.5,0,0,1,1,0,1,1,1,1,0,0,0,0,0,0,1,0,0,0,1,0,0,0,0,1,0,0,0,0,0,0,1,1,0,0,1,1,1,1,0,0,0,1,1,1,0,1,1,1,1,1,1,0,0,1,1,1,1,1,1,0,0,1,1,0,1,0,1,0,1,1,1,1,1,1,1,0,0,0,0,0,0,1,1,0,0.5,0,0,0,0,0,0,0,0,0,0,0,0,0,0,0,0,0,0,0,0,0,0,0,0,0,1,1,1,1,1,1,0,1,1,1,1,0,0,1,0,0,0,0,0,0,0,0,0,0,0,0,0,0,0,0,0,0,0,0,0,0,0,0,0,0,1,0,0,NA,NA,NA,NA,NA,NA,-0.0011625,-0.0117025,0.0093775,"Reject",0,1,0,0,0,27,2,3,4,5,3,2,0.373657706584964,0.306812331124957,0.158312332792924,0.49511002,0.91381418,0.44254279,0.50977995,0.59046455,0.3,0.541951915,0.0625,0.0625,"High","Low","High","Highest"
35,"Reject",35,439,-0.008,-0.029,0.013,0.021,-0.74697,0.45508,4,1,0,0,0,0,0,1,1,0,0,0,0,0,1,1,0,1,1,1,0,0,0,0,0,0,0,1,0,0,0,0,1,0,0,0,0,0,1,0,0,0,0,1,1,0,0,1,1,1,1,0,0,0,1,0,0,0,0,0,0,1,1,0,0,0,1,0,0,1,0,0,0,0,1,1,0,0,0,0,0,0,1,1,1,1,1,0,0,0,0,0,1,0,0,0,0,1,1,0,0,0,0,0,0,0,0,0,0,0,0,0,0,0,0,0,0,0,0,0,0,0,0,1,1,1,1,1,0,0,1,0,0,0,0,0,0,0,0,0,0,0,0,0,0,0,0,0,0,0,0,0,0,0,0,0,0,0,0,0,0,0,0,1,0,0,NA,NA,NA,NA,NA,NA,-0.008,-0.029,0.013,"Reject",0,1,0,0,0,13,6,2.5,2,5,5,2,-0.256803466826745,0.105633316271427,-0.175971056830247,0.49511002,0.34229829,0.66136919,0.50977995,0.35696822,0.3,0.444254278333333,0,0,"Lowest","Low","Low","High"
36,"Reject",36,445.5,0.00162166666666667,-0.00635,0.00959166666666667,0.00797166666666667,0.493328333333333,0.28259,6,0.166666666666667,0.166666666666667,0.166666666666667,0.166666666666667,0.166666666666667,0.166666666666667,0,1,0,0,0,1,1,0,0,0,0,0,0,0,0,0,0,1,0,0,1,0,0,0,0,0,0,0,0,1,0,0,0,0,1,0,0,1,0,0,1,1,1,1,0,0,0,1,0,0,0,0,0,0,1,1,0,0,0,1,0,0,1,0,0,0,0,1,1,0,0,0,0,0,0,1,1,1,1,1,0,0,0,0,0,1,0,0,0,0,0,0,0,0,0,0,0,0,0,0,0,0,0,0,0,0,0,0,0,0,0,0,0,0,0,0,1,1,1,1,0,0,0,1,0,0,0,0,0,0,0,0,0,0,0,0,0,0,0,0,0,0,0,0,0,0,0,0,0,0,0,0,0,0,0,0,1,0,0,NA,NA,NA,NA,NA,NA,0.00162166666666667,-0.00635,0.00959166666666667,"Reject",0,1,0,0,0,13,3,6,2,3,5,1,0.251653355771123,-0.245059898499224,-0.446393426903154,0.49511002,0.34229829,0.04889976,0.68826406,0.44254279,0.3,0.38618582,0,0,"High","Lowest","Low","Low"
38,"Reject",38,452,-0.01827,-0.03757,0.00104,0.0193,-1.85482,0.06362,2,1,1,1,1,0,0,1,1,0,0,0,1,1,0,0,0,0,0,0,0,0,0,0,0,0,0,1,0,1,0,0,0,0,1,0,1,0,0,0,0,0,0,1,1,0,0,1,1,1,1,0,1,0,1,0,0,0,1,1,1,1,1,1,1,0,1,1,0,0,0,0,0,0,1,1,0,1,0,0,1,1,1,1,1,1,1,0,0,0,0,0,0,0,1,1,0,0,0,0,1,0,0,0,0,0,0,0,0,0,0,0,0,0,0,0,0,0,0,0,0,0,0,1,1,1,1,0,0,0,1,0,0,0,0,0,0,0,0,0,0,1,0,0,0,0,0,0,0,0,0,0,0,0,0,0,0,0,0,0,0,0,0,1,0,0,NA,NA,NA,NA,NA,NA,-0.01827,-0.03757,0.00104,"Reject",0,1,0,0,1,22,3,2.5,3,4,1,2,-0.566450551843903,-0.500956979871529,-0.360676420722937,0.49511002,0.91381418,0.04889976,0.68826406,0.09779951,0.77506112,0.503158108333333,0.5,1,"Lowest","Lowest","Lowest","High"
39,"Reject",39,456.5,-0.0129433333333333,-0.0414533333333333,0.0155666666666667,0.02851,-0.716125,0.329213333333333,12,0.166666666666667,0.166666666666667,0.166666666666667,0.166666666666667,0.166666666666667,0.166666666666667,0,1,0,0,0,1,1,0,0,0,0,0,0,0,0,0,0,0,0,0,1,0,0,0,1,0,0,0,0,1,0,0,0,0,0,0,1,0,0,0,0,1,1,1,0,0,0,0,0,0,0,0,1,1,1,1,0,0,0,0,0,0,0,0,0,0,0,1,1,0,0,0,0,0,0,1,1,1,1,1,0,0,0,0,0,0,0,0,0,0,1,1,0,0,0,0,1,0,0,0,0,0,0,0,0,0,0,0,0,0,0,0,0,0,0,0,1,1,1,1,0,0,0,1,0,0,0,0,0,0,0,0,0,0,0,0,0,0,0,0,0,0,0,0,0,0,0,1,0,0,0,0,0,0,1,0,1,0,0,NA,NA,NA,NA,NA,NA,-0.0129433333333333,-0.0414533333333333,0.0155666666666667,"Reject",0,1,0,0,0.333333333333333,12,4,4.66666666666667,3,4,5,3,-0.360914610202468,-0.0391254805018652,-0.0926955784424762,0.78850856,NA,0.04889976,0.68826406,0.59046455,0.3,0.483227386,0,0.416666666666667,"Lowest","Low","Low","High"
40,"Reject",40,467.5,0.033,0.031,0.03525,0.002,34.589875,1e-05,8,0,1,1,1,1,1,1,1,0,0,0.25,1,0,0,0,0,0,0,0,0,0,0,0,0,0,1,1,0,1,0,0,0,0,0,0,0,1,0,0,0,0,0,1,0,0,0,1,1,0,1,0,0,0,1,0,0,0,0,0,0,1,1,0,0,0,1,0,0,1,0,0,0,0,1,1,0,0,0,0,0,0,1,1,1,1,1,0,0,0,0,0,1,0,0,0,0,0.25,0.25,0,0,0,0,0,0,0,0,0,0,0,0,0,0,0,0,0,0,0,0,0,0,0,0,0,0,0,0,0,0,0,0,0,0,0,0,0,0,0,0,0,0,0,0,0,0,0,0,0,0,0,0,0,0,0,0,0,0,0,0,0,0,0,0,1,0,0,NA,NA,NA,NA,NA,NA,0.033,0.031,0.03525,"Reject",0,1,0,0,0,13,3,2,2,2,5,2,-0.377054410501051,-0.645130682702172,-0.154676340640472,0.26650367,0.34229829,0.04889976,0.37408313,0.09779951,0.3,0.23826406,0,0,"Lowest","Low","Lowest","Lowest"
41,"Reject",41,478,-0.0126666666666667,-0.026,-0.000333333333333333,0.0133333333333333,-1.93871666666667,0.239863333333333,12,1,1,1,1,1,1,1,1,0,0,0,0,0,1,1,0,1,1,1,0,0,0,0,0,0,0,0,0,0,0,1,0,0,1,0,0,0,1,0,0,0,0,1,1,0,0,0,1,1,0.666666666666667,0,0,0,1,0,0,0,0,1,1,1,1,0,0,0,1,0,0,0.666666666666667,0,0,0,1,1,1,0,0,1,0,0,0,1,1,1,1,0.666666666666667,0,0,0,0,0,0,0.333333333333333,0,0,0,0,0,0.333333333333333,0.333333333333333,0,0,0,0,0,0,0,0,0,0,0,0,0,0,0,0,0,0,0,0,0,0,1,0,1,1,0,0,0,1,0,1,0,0,0,0,0,0,0,0,0,0,0,0,0,0,0,0,0,0,0,0,0,0,0,0,0,0,0,0,0,0,1,0,0,NA,NA,NA,NA,NA,NA,-0.0126666666666667,-0.026,-0.000333333333333333,"Reject",0,1,0,0.333333333333333,0.333333333333333,16,5,1.66666666666667,3,5,5,3,0.130876165500261,0.512567406536847,-0.152130431912486,0.78850856,0.58801956,0.66136919,0.50977995,0.59046455,0.77506112,0.660757945444444,0.0833333333333333,0.333333333333333,"Low","Low","High","Highest"
45,"Reject",45,496.5,-0.00367,-0.01531,0.007965,0.01164,-0.842565,0.34947,6,0.166666666666667,0.166666666666667,0.166666666666667,0.166666666666667,0.166666666666667,0.166666666666667,0,1,0,0,0,1,1,0,0,0,0,0,0,0,0,0,0,1,0,0,1,0,0,0,0,0,0,0,0,1,0,0,0,0,1,0,0,1,0,0,1,1,1,1,0,0,0,1,0,0,0,0,0,0,1,1,0,0,0,1,0,0,1,0,0,0,0,1,1,0,0,0,0,0,0,1,1,1,1,1,0,0,0,0,0,1,0,0,0,0,1,1,0,0,0,0,0,0,0,0,0,0,1,0,0,0,0,0,0,0,0,0,0,0,0,0,1,1,1,1,1,0,0,1,0,0,0,0,0,0,0,0,0,0,0,0,0,0,0,0,0,0,0,0,0,0,0,0,0,0,0,0,0,0,0,0,1,0,0,NA,NA,NA,NA,NA,NA,-0.00367,-0.01531,0.007965,"Reject",0,1,0,0.166666666666667,0.333333333333333,13,2,2,3,3,4,2,-0.23947473748747,-0.114990182126916,0.163005821619695,0.49511002,0.34229829,0.04889976,0.68826406,0.44254279,0.3,0.38618582,0.166666666666667,0.333333333333333,"Low","Low","Low","Low"
46,"Reject",46,512.5,0.00217833333333333,0.00011,0.00424444444444444,0.00206833333333333,2.41992333333333,0.0285455555555556,24,0.166666666666667,0.166666666666667,0.166666666666667,0.166666666666667,0.166666666666667,0.166666666666667,0,1,0,0,0,1,0,0,0,0,0,0,0,0,0,0,0,1,0,0,1,0,0,0,0,0,0,0,0,1,0,0,0,0,1,0,0,0,0,0,1,1,1,1,0,0,0,0,0,0,0,0,0,0,1,1,0,0,0,0,0,0,1,0,0,0,0,1,1,0,0,0,0,0,0,1,1,1,1,1,0,0,0,0,0,0,0,0,0,0,1,0,0,0,0,0,0,0,0,0,0,0,0,0,0,0,0,0,0,0,0,0,0,0,0,0,1,1,1,1,1,0,0,0,0,0,0,0,0,0,0,0,0,0,0,0,0,0,0,0,0,0,0,0,0,0,0,0,0,0,0,0,0,0,0,0,1,0,0,NA,NA,NA,NA,NA,NA,0.00217833333333333,0.00011,0.00424444444444444,"Reject",0,1,0,0.166666666666667,0.222222222222222,11,4,3.33333333333333,2,5,4,3,0.549755234978754,0.368424813005228,-0.196421185068799,0.49511002,NA,0.04889976,0.37408313,0.44254279,0.3,0.33212714,0.166666666666667,0.25,"High","Low","High","Lowest"
47,"Reject",47,526.5,0.0038,-0.0145266666666667,0.0221283333333333,0.0183266666666667,0.576591666666667,0.235111666666667,12,0.166666666666667,0.166666666666667,0.166666666666667,0.166666666666667,0.166666666666667,0.166666666666667,0,1,0,0,1,1,0,0,0,0,0,0,0,0,0,0,0,1,0,0,1,0,0,0,0,0,0,0,0,1,0,0,0,0,1,0,0,0,0,0,1,1,0,1,0,0,0,1,0,0,0,0,0,0,0,1,0,0,0,1,0,0,1,0,0,0,0,1,1,0,0,0,0,0,0,1,1,0,1,1,0,0,0,0,0,0,0,0,0,0,1,1,0,0,0,0,0,0,0,0,0,0,0,0,0,0,0,0,0,0,0,0,0,0,1,0,1,1,1,1,1,0,0,1,0,0,0,0,0,0,0,0,0,0,0,0,0,0,0,0,0,0,0,0,0,0,0,0,0,0,0,0,0,0,0,0,1,0,0,NA,NA,NA,NA,NA,NA,0.0038,-0.0145266666666667,0.0221283333333333,"Reject",0,1,0,0.166666666666667,0.166666666666667,11,3,5,3,4,5,1,-1.44665927752628,-0.598421127328614,-0.0457788961572388,0.26650367,NA,0.04889976,0.37408313,0.44254279,0.3,0.28640587,0.166666666666667,0.166666666666667,"Lowest","Low","Lowest","Lowest"
48,"Reject",48,539,-0.0131071428571429,-0.0405828571428571,0.01494,0.0274757142857143,-0.931078571428572,0.22376,14,0.285714285714286,0.285714285714286,0.285714285714286,0.285714285714286,0.285714285714286,0.285714285714286,0.142857142857143,1,0,0,1,0,0,1,1,0,0,1,1,0,0,1,0,0,0,0,1,0,0,0,1,0,0,0,0,0,0,1,0,0,0,0,1,1,0,0,1,1,0,0,0,0,0,0,0,0,0,1,0,0,1,1,1,0,0,0,1,0,1,0,0,0,0,1,1,0,0,0,0,0,1,1,1,1,1,1,0,0,0,0,0,0,0,1,0,0,1,1,0,0,0,0,0,0,0,0,0,0,0,0,0,0,0,0,0,0,0,0,0,0,0,0,1,1,1,1,1,0,0,1,0,0,0,0,0,0,0,0,0,0,0,0,0,0,0,0,0,0,0,0,0,0,0,0,0,0,0,0,0,0,0,0,1,0,0,1,0,0,0,1,0,-0.0131071428571429,-0.0405828571428571,0.01494,"Reject",0,1,0,0.142857142857143,0.142857142857143,14,5,2.5,2,5,4,2,0.208310145335,0.0975307877235006,-0.44448894638299,0.26650367,0.91381418,0.66136919,0.50977995,0.59046455,0.3,0.540321923333333,0.0714285714285714,0.0714285714285714,"Low","Lowest","Low","Highest"
49,"Reject",49,552.5,-0.00206666666666667,-0.0124633333333333,0.00832833333333333,0.0103966666666667,-0.779531666666667,0.329356666666667,12,0.166666666666667,0.166666666666667,0.166666666666667,0.166666666666667,0.166666666666667,0.166666666666667,0,1,0,0,1,1,1,0,0,0,0,0,0,0,0,0,0,1,0,0,1,0,0,0,0,0,0,1,0,1,0,0,0,0,1,0,0,1,0,0,1,1,1,1,0,0,0,1,0,0,0,0,0,0,1,1,0,0,0,1,0,0,1,0,0,0,0,1,1,0,0,0,0,0,0,1,1,1,1,1,0,0,0,0,0,1,0,0,0,0,1,1,0,0,0,0,0,0,0,0,0,0,0,0,0,0,0,0,0,0,0,0,0,0,0,0,1,1,1,1,1,0,0,1,0,0,0,0,0,0,0,0,0,0,0,0,0,0,0,0,0,0,0,0,0,0,0,0,0,0,0,0,0,0,0,0,1,0,0,NA,NA,NA,NA,NA,NA,-0.00206666666666667,-0.0124633333333333,0.00832833333333333,"Reject",0,1,0,0,0.333333333333333,13,4,2,2,5,4,3,-0.444113759713112,-0.107534546974558,-0.193703508646394,0.49511002,0.34229829,0.04889976,0.68826406,0.44254279,0.77506112,0.465362673333333,0,0.166666666666667,"Lowest","Low","Low","High"
58,"Reject",58,623.5,-0.00221666666666667,-0.0127683333333333,0.00833583333333333,0.0105516666666667,-0.280468333333333,0.514314166666667,36,0.166666666666667,0.166666666666667,0.166666666666667,0.166666666666667,0.166666666666667,0.166666666666667,0,1,0,0,0.5,0,0,1,1,0,0,0,1,0,0,1,0,0,1,0,1,0,0,0,0,0,0,0,0,1,0,0,0,0,0,1,0,1,0,0,0,1,1,1,0,1,0,0,1,0,0,1,1,1,1,1,1,1,0,0,0,0,1,1,1,0,0,1,1,0,0,0,0,1,1,1,1,1,1,1,0,0,0,0,0,0,0,1,1,0,1,1,0,1,0,0,0,0,0,0,0,0,1,0,0,0,0,0,0,0,0,0,0,0,0,0,1,0,1,1,0,0,0,1,1,1,0,0,0,0,0,0,0,1,0,0,0,0.5,0,0,0,0,0,0,0,0,0,0,0,0,0,0,0,0,0,0,0,0,1,0,1,0,1,0,0,-0.00221666666666667,-0.0127683333333333,0.00833583333333333,"Reject",0,1,0,0,0,22,6,2.33333333333333,4,5,5,3,-0.104496199254052,-0.0855010498387249,-0.175967019259392,0.78850856,0.91381418,0.59168704,0.50977995,0.49022005,0.3,0.59900163,0,0,"Low","Low","Low","Highest"
59,"Reject",59,653.5,-0.000583333333333333,-0.00425,0.00308333333333333,0.00366666666666667,0.503814166666667,0.0414725,24,0.25,0.25,0.25,0.25,0,0,0,1,0,0,0,1,0,0,0,0,0,0,0,0,0,0,0,1,0,0,1,0,0,0,0,0,0,0,0,0,1,0,0,0,1,0,0,1,0,0,1,1,1,1,0,0,0,1,0,0,0,0,0,0,1,1,0,0,0,1,0,0,1,0,0,0,0,1,1,0,0,0,0,0,0,1,1,1,1,1,0,0,0,0,0,1,0,0,0,0,0.333333333333333,0.333333333333333,0,0,0,0,0,0,0,0,0,0,0,0,0,0,0,0,0,0,0,0,0,0,0,0,1,1,1,1,0,0,0,1,0,0,0,0,0,0,0,0,0,0,0,0,0,0,0,0,0,0,0,0,0,0,0,0,0,0,0,0,0,0,0,0,1,0,0,NA,NA,NA,NA,NA,NA,-0.000583333333333333,-0.00425,0.00308333333333333,"Reject",0,1,0,0.416666666666667,0.416666666666667,13,2,4,2,2,5,1,-0.393717277848282,-0.640937305274428,0.450543767183937,0.49511002,0.34229829,0.04889976,0.37408313,0.44254279,0.3,0.333822331666667,0.333333333333333,0.333333333333333,"Lowest","High","Lowest","Lowest"
60,"Reject",60,677.5,-0.00519166666666667,-0.0120475,0.001665,0.00685583333333333,-1.2997825,0.261744166666667,24,0.25,0.25,0.25,0.25,0,0,0,1,0,0,0,0,0,1,1,0,0,0,1,0,0,1,0,1,0,0,1,0,0,0,0,0,0,0,0,1,0,0,0,0,1,0,0,1,0,0,1,1,0,1,0,0,0,1,0,0.333333333333333,0,0.333333333333333,1,1,1,1,0.333333333333333,0,0,1,0.333333333333333,0,1,0.333333333333333,0.333333333333333,0,1,1,1,0,0.333333333333333,1,0.333333333333333,0,0.333333333333333,1,1,1,1,1,0,0,0,0,0,0,0.666666666666667,0.333333333333333,0.333333333333333,0,0.333333333333333,0.333333333333333,0,0,0,0,0,0,0,0,0,0,0,0,0,0,0,0,0,0,0,0,0,0,0,0,1,1,1,1,0,0,0,1,0,0,0,0,0,0,0,0,0,0,0,0,0,0,0,0,0,0,0,0,0,0,0,0,0,0,0,0,0,0,0,0,1,0,0,NA,NA,NA,NA,NA,NA,-0.00519166666666667,-0.0120475,0.001665,"Reject",0,1,0,0.166666666666667,0.25,20,5,6,NA,5,5,1,-0.699497663296875,-0.600786874919615,-0.624380436929894,0.26650367,0.696617766666667,0.59168704,0.50977995,0.44254279,0.3,0.467855202777778,0.125,0.166666666666667,"Lowest","Lowest","Lowest","High"
61,"Reject",61,704.5,0.00183833333333333,-0.00130166666666667,0.00498083333333333,0.00314,0.626928333333333,0.400693333333333,24,0.166666666666667,0.166666666666667,0.166666666666667,0.166666666666667,0.166666666666667,0.166666666666667,0,1,0,0,0,0,0,1,1,0,0,1,1,1,0,0,0,1,0,0,1,0,0,0,0,0,0,0,0,0,1,0,0,0,1,0,0,1,0,1,1,1,1,0.5,0,0.5,0.5,0.5,0.5,0.5,0.5,0.5,0.5,0.5,0.5,0.5,0.5,0.5,0.5,0.5,0.5,0.5,0.5,0.5,0.5,0.5,0.5,0.5,0.5,0,0.5,0.5,0.5,0.5,0.5,0.5,0.5,0.5,0.5,0.5,0.5,0,0.5,0,0,0,0.5,0.5,0,0,0,0,0,0,0,0,0,0,0,0,0,0,0,0,0,0,0,0,0,0,0,0,0,1,0,0,1,0,1,1,0,0,0,0,0,0,0,0,0,0,0,0,0,0,0,0,0,0,0,0,0,0,0,0,0,0,0,0,0,0,0,0,0,0,0,0,1,0,0,NA,NA,NA,NA,NA,NA,0.00183833333333333,-0.00130166666666667,0.00498083333333333,"Reject",0,1,0,0,0,18.5,6,2.66666666666667,3,4,4,3,0.623649601863474,0.375187065550427,-0.188520044834821,1,0.75091687,0.44254279,0.50977995,0.44254279,0.3,0.574297066666667,0.125,0.125,"High","Low","High","Highest"
65,"Reject",65,757.5,-0.000105,-0.00161666666666667,0.00141166666666667,0.00151166666666667,-0.0922508333333333,0.352506666666667,36,0.25,0.25,0.25,0.25,0,0,0,1,0,0,0,0,0,1,1,0,0,0,1,0,0,1,0,1,0,0,1,0,0,0,0,0,0,0,0,1,0,0,0,0,1,0,0,1,0,0,1,1,1,1,0,0,0,1,0,0.666666666666667,0,1,1,1,1,1,1,0,0,1,1,0,1,1,1,0,1,1,1,0,1,1,0.666666666666667,0,1,1,1,1,1,1,0,0,0,0,0,0,0,1,1,0,0.333333333333333,0.333333333333333,0,0,0,0,0,0,0,0,0,0,0,0,0,1,0,0,0,0,0,0,0,0,0,0,1,1,1,1,0,0,0,1,0,0,0,0,0,0,0,0,0,0,0,0,0,0,0,0,0,0,0,0,0,0,0,0,0,0,0,0,0,0,0,0,0,0,1,0,1,0,1,0,0,-0.000105,-0.00161666666666667,0.00141166666666667,"Reject",0,1,0,0.166666666666667,0.25,25.3333333333333,4,3.33333333333333,3,5,5,3,0.570414347247666,0.506723076843262,0.174504557808003,0.49511002,0.91381418,0.59168704,0.50977995,0.44254279,0.3,0.542155663333333,0.0555555555555556,0.0833333333333333,"High","Low","High","Highest"
68,"Reject",68,840,-0.00783625,-0.0200541071428571,0.00438089285714286,0.0122178571428571,-1.21476767857143,0.363119107142857,112,0.285714285714286,0.285714285714286,0.285714285714286,0.285714285714286,0.285714285714286,0.285714285714286,0.142857142857143,1,0,0,0.875,0,0,1,1,0,0,0,1,1,0,0,0,0,0,0,1,0,0,0,1,0,0,0,0,1,0,0,0,0,0,0,0.142857142857143,1,0,0,0,1,1,1,0,1,0,1,0,0,0,1,1,1,1,1,1,1,0,1,0,0,1,1,1,0,1,1,1,0,1,1,0,1,1,1,1,1,1,1,0,0,0,0,0,0,0,1,1,0,0.25,0.25,0,0.25,0,0,0,0,0,0,0,0,0.25,0.25,0,0,0,0,0,0,0,0,0,0,0,0,1,1,1,1,1,0,0,1,1,1,0,1,0,1,0,0,0,0,0,0,0,0,0,0,0,0,0,0,0,0,0,0,0,0,0,0,0,0,0,0,1,0,0,NA,NA,NA,NA,NA,NA,-0.00783625,-0.0200541071428571,0.00438089285714286,"Reject",0,1,0,0.125,0.25,26,4,2.66666666666667,3,4,5,3,-0.17332486296346,-0.322681654732537,0.284526143254422,0.78850856,0.91381418,0.53667482,0.50977995,0.59046455,0.3,0.606540343333333,0.0625,0.133928571428571,"Low","High","Lowest","Highest"
69,"Reject",69,902.5,-0.00222,-0.00587166666666667,0.00143333333333333,0.00365166666666667,-1.41645166666667,0.115295,12,0.166666666666667,0.166666666666667,0.166666666666667,0.166666666666667,0.166666666666667,0.166666666666667,0,1,0,0,0,0,0,0,0,0,0,0,0,0,1,0,1,1,0,0,1,0,0,0,1,0,0,0,0,0,1,0,0,0,1,0,0,0,0,0,1,1,1,1,0,0,0,1,0,0,0,0,0,0,1,1,0,0,0,1,0,0,1,0,0,0,0,1,1,0,0,0,0,0,0,1,1,1,1,1,0,0,0,0,0,1,0,0,0,1,0,0,0,0,0,0,0,0,0,0,0,0,0,0,0,0,0,0,0,0,0,0,0,0,0,0,1,1,1,1,1,0,0,1,0,0,0,0,0,0,0,0,0,0,0,0,0,0,0,0,0,0,0,0,0,0,0,0,0,0,0,0,0,0,0,0,1,0,0,NA,NA,NA,NA,NA,NA,-0.00222,-0.00587166666666667,0.00143333333333333,"Reject",0,1,0,0.5,0.5,13,4,3.33333333333333,2,5,5,3,-0.0502093708670102,0.054561553204202,-0.209419347242142,0.49511002,0.34229829,0.04889976,NA,0.44254279,0.3,0.325770172,0.5,0.5,"Low","Low","Low","Lowest"
72,"Reject",72,930.5,-0.00330333333333333,-0.00703166666666667,0.000431666666666667,0.00372833333333333,-1.42827166666667,0.0191116666666667,12,0.166666666666667,0.166666666666667,0.166666666666667,0.166666666666667,0.166666666666667,0.166666666666667,0,1,0,0,0,1,0,0,0,0,0,0,0,0,0,0,0,1,0,0,1,0,0,0,0,0,0,0,0,1,0,0,0,0,1,0,0,1,0,0,1,1,0,1,0,0,0,1,0,0,0,0,0,0,1,1,0,0,0,1,0,0,1,0,0,0,0,1,1,0,0,0,0,0,0,1,1,1,1,1,0,0,0,0,0,1,0,0,0,0,0,0,0,0,0,0,0,0,0,0,0,0,1,0,0,0,0,0,0,0,0,0,0,0,0,0,1,1,1,1,1,0,0,1,0,0,0,1,1,0,0,0,0,0,0,0,0,0,0,0,0,0,0,0,0,0,0,0,0,0,0,0,0,0,0,0,1,0,0,NA,NA,NA,NA,NA,NA,-0.00330333333333333,-0.00703166666666667,0.000431666666666667,"Reject",0,1,0,0.333333333333333,0.333333333333333,13,3,1.33333333333333,3,4,5,3,0.667160731990561,0.298205308262557,0.764254832121122,0.26650367,0.34229829,0.04889976,0.37408313,0.44254279,0.3,0.295721273333333,0.25,0.25,"High","Highest","High","Lowest"
75,"Reject",75,957.5,-0.0537941666666667,-0.352970833333333,0.245385833333333,0.299176666666667,-1.058975,0.274608333333333,18,0.166666666666667,0.166666666666667,0.166666666666667,0.166666666666667,0.166666666666667,0.166666666666667,0,1,0,0,0,0,0,1,1,0,0.5,1,1,0,0,0,0,1,0,0,1,0,0,0,0,0,0,0,0,1,0,0,0,0,1,0,0,1,0,0,1,1,1,1,0,0,0,1,0,0,0,0,1,1,1,1,0,0,0,1,0,0,0,0,0,0,1,1,1,0,0,1,0,0,0,1,1,1,1,1,0,0,0,0,0,0,0,0,0,0,1,1,0,0,0,0,0,0,0,0,0,0,0,0,0,0,0,0,0,0,0,0,0,0,0,0,1,1,1,1,1,0,0,1,0,0,0,0,0,0,0,0,0,0,0,0,0,0,0,0,0,0,0,0,0,0,0,0,0,0,0,0,0,0,0,0,0,0,1,0,1,0,0,0,1,-0.0537941666666667,-0.352970833333333,0.245385833333333,"Reject",0,1,0,0.333333333333333,0.333333333333333,16,5,3.66666666666667,3,5,4,3,0.559364345734456,-0.042349510161927,0.13231657795453,0.49511002,NA,0.66136919,0.50977995,0.44254279,0.3,0.48176039,0.222222222222222,0.222222222222222,"High","Low","Low","High"
77,"Reject",77,971.5,-0.011,-0.0345,0.0115,0.0235,-0.948565,0.3454,6,1,1,1,1,1,1,1,1,0,0,NA,0,0,1,1,0,0,0,1,0,0,0,0,0,0,0,0,0,0,0,0.5,0.5,0,0,0,0,0,1,0,0,0,0,1,0,0,0,0,0,1,1,0,1,0,0,1,0,0,1,1,1,1,1,1,1,0,0,1,0,1,1,1,1,0,0,1,0,0,0,0,1,1,1,1,1,1,1,0,0,1,0,0,0,0,1,1,0,1,1,0,0,0,0,0,0,0,0,0,0,0,0,0,0,0,0,0,0,0,0,0,0,0,0,1,1,1,1,1,0,0,1,1,1,0,0,0,1,0,0,0,0,0,0,0,0,0,0,0,0,0,0,0,0,0,0,0,0,0,0,0,0,0,0,1,0,0,NA,NA,NA,NA,NA,NA,-0.011,-0.0345,0.0115,"Reject",0,1,0,0,0,24,4,2,2,5,4,2,0.0902180843945103,0.0601373838887287,0.0716127740151995,NA,0.91381418,0.59168704,0.50977995,0.473716385,0.3,0.557799511,0,0,"Low","Low","Low","Highest"
83,"Reject",83,986.5,-0.000355,-0.003445,0.00273666666666667,0.00309,-0.267636666666667,0.00364833333333333,12,0.166666666666667,0.166666666666667,0.166666666666667,0.166666666666667,0.166666666666667,0.166666666666667,0,1,0,0,0,1,0,0,0,0,0,0,0,0,NA,NA,0,1,0,0,1,0,0,0,0,0,1,0,0,1,0,0,0,0,1,0,0,0,0,0,1,1,1,1,0,0,0,0,0,0,0,0,0,0,1,1,0,0,0,0,0,0,1,0,0,0,0,1,1,0,0,0,0,0,0,1,1,1,1,1,0,0,0,0,0,0,0,0,0,0,1,1,0,0,0,0,0,0,0,0,0,0,0,0,0,0,0,0,0,0,0,0,0,0,0,0,1,1,1,1,0,0,0,1,0,0,0,0,0,0,0,0,0,0,0,0,0,0,0,0,0,0,0,0,0,0,0,0,0,0,0,0,0,0,0,0,1,0,0,NA,NA,NA,NA,NA,NA,-0.000355,-0.003445,0.00273666666666667,"Reject",0,1,0,0.5,0.5,11,2,4,2,2,4,1,-0.882335847270304,-0.640877963287536,0.450919878071443,0.49511002,NA,0.04889976,0.37408313,0.44254279,0.3,0.33212714,0.416666666666667,0.416666666666667,"Lowest","High","Lowest","Lowest"
93,"Reject",93,1078.5,0.012048,0.005717,0.018384,0.006331,2.725084,0.077412,20,0.5,0.5,0.5,0.5,0.5,0.5,1,1,0,0,0,1,0,0,0,0,0,0,0,0,0,0,0,0,0,0,1,0,0,0,1,0,0,0,0,0,0,1,0,0,0,0,1,0,0,0,1,1,1,1,0,0,0,0,0,0,0,0.8,0,0,1,1,0.8,0,0,0,0,0,1,0,0.8,0,0,1,1,0,0,0,0,0,0.8,1,1,1,1,1,0,0,0,0,0,0,0,0.8,0,0,0.2,0.2,0,0.2,0,0,0,0,0,0,0,0,0,0.2,0,0,0,0,0,0,0,0,0,0,0,0,1,1,1,1,0,0,0,1,0,0,0,0,0,0,0,0,0,0,0,0,0,0,0,0,0,0,0,0,0,0,0,0,0,0,0,0,0,0,0,0,1,0,0,NA,NA,NA,NA,NA,NA,0.012048,0.005717,0.018384,"Reject",0,1,0,0,0.1,14.2,3,3.33333333333333,3,5,4,2,-0.435813658198548,-0.151850632248115,-0.103697838237878,0.49511002,0.91381418,0.04889976,0.37408313,0.59046455,0.3,0.435325183733333,0.2,0.3,"Lowest","Low","Low","High"
94,"Reject",94,1096.5,0.00933333333333333,-0.0105,0.0291666666666667,0.0198333333333333,0.916245,0.366605,12,1,1,1,1,1,1,1,1,0,0,1,0.833333333333333,0,0.166666666666667,0.166666666666667,0,0,0,0.166666666666667,0.166666666666667,0,0,0,0,0,0,1,0,0.833333333333333,0,0.166666666666667,0,0,0,0,0,1,0,0,0,0,0,1,0,0,0,1,1,1,1,0,0,0,1,0,0,0,1,0,0,1,1,0,0,0,1,0,0,1,0,1,0,0,1,1,0,0,0,0,0,0,1,1,1,1,1,0,0,0,0,0,0,0,0,0,0,0,1,1,0,0,0,0,0,0,0,0,0,0,0,0,0,0,0,0,0,0,0,0,0,0,0,1,1,1,1,1,0,0,1,0,0,0,0,0,0,0,0,0,0,0,0,0,0,0,0.166666666666667,0,0,0.166666666666667,0,0.166666666666667,0,0,0.166666666666667,0,0,0,0,0,0,0.666666666666667,0,1,0,0,NA,NA,NA,NA,NA,NA,0.00933333333333333,-0.0105,0.0291666666666667,"Reject",0,1,0,0,0,15,2,5,2,4,4,2,-0.880255966861752,-0.662579293770863,0.450799751143828,0.49511002,NA,0.130195603333333,0.396699266666667,0.17991035,0.3,0.300383048,0.5,0.5,"Lowest","High","Lowest","Lowest"
95,"Reject",95,1107.5,-0.00288,-0.01526,0.0094975,0.01238,-0.6221275,0.2985225,8,0.25,0.25,0.25,0.25,0,0,0,1,0,0,0,1,1,0,0,0,0,0,0,0,0,0,0,0,0,0,1,0,1,0,0,0,0,0,0,1,0,0,0,0,0,0,0,1,0,0,1,1,1,1,0,0,0,1,1,0,0,1,1,1,1,1,1,0,0,1,1,0,1,1,1,0,0,1,1,0,1,0,0,0,1,1,1,1,1,1,0,0,0,0,0,0,0,1,1,0,1,1,0,0,0,0,0,0,0,0,0,0,0,0,0,0,0,0,0,0,0,0,0,0,0,0,1,1,1,1,0,0,0,1,0,0,0,0,0,0,0,0,0,0,0,0,0,0,0,0,0,0,0,0,0,0,0,0,0,0,0,1,0,0,1,0,1,0,0,NA,NA,NA,NA,NA,NA,-0.00288,-0.01526,0.0094975,"Reject",0,1,0,0,0,23,4,2,2,4,4,3,0.503013779234773,0.349883438148507,0.452610982027595,0.49511002,0.91381418,0.04889976,0.68826406,0.09779951,0.3,0.423981255,0,0.125,"High","High","High","High"
96,"Reject",96,1125.5,0.000213333333333333,-0.002905,0.00333125,0.00311833333333333,0.2869025,0.0851383333333333,96,0.166666666666667,0.166666666666667,0.166666666666667,0.166666666666667,0.166666666666667,0.166666666666667,0,1,0,0,0.25,1,0,0,0,0,0,0,0,0,0,0,0,1,0,0,1,0,0,0,0,0,0,0,0,1,0,0,0,0,1,0,0,1,0,0,1,1,1,1,0,0,0,1,0,0,0,0,1,0,1,1,0,0,0,1,0,0,1,0,0,0,0,1,1,0,0,0,0,0,0,1,1,1,1,1,0,0,0,0,0,1,0,0,0,0,0.25,0.25,0,0,0,0,0,0,0,0,0,0,0,0,0,0,0,0,0,0,0,0,0,0,0,0,1,0,1,1,1,0,0,1,0,0,0,0,0,0,0,0,0,0,0,0,0,0,0,0,0,0,0,0,0,0,0,0,0,0,0,0,0,0,0,0,1,0,0,NA,NA,NA,NA,NA,NA,0.000213333333333333,-0.002905,0.00333125,"Reject",0,1,0,0.375,0.375,14,1,1,3,4,5,1,-0.276009659633413,-0.561037845881629,-1.23602489645084,0.49511002,0.34229829,0.04889976,0.37408313,0.44254279,0.3,0.333822331666667,0.114583333333333,0.135416666666667,"Lowest","Lowest","Lowest","Lowest"
97,"Reject",97,1212.5,0.00149166666666667,-0.0072,0.010185,0.00869166666666667,0.286973333333333,0.66966,12,0.166666666666667,0.166666666666667,0.166666666666667,0.166666666666667,0.166666666666667,0.166666666666667,0,1,0,0,0,1,0,0,0,0,0,0,0,0,0,0,0,0,1,0,1,0,0,0,0,0,0,0,0,1,1,0,0,0,0,1,0,1,0,0,1,1,1,1,0,0,0,0,0,0,0,1,0,0,1,1,1,0,0,0,1,0,1,0,1,0,0,1,1,0,0,0,0,0,1,1,1,1,1,1,0,0,0,0,0,0,0,1,0,0,0,1,0,0,0,0,0,0,0,0,0,0,0,0,0,0,0,0,0,0,0,0,0,0,0,0,1,1,1,1,1,0,0,1,0,0,0,0,0,0,0,0,0,1,0,1,1,0,0,0,0,0,0,0,0,0,0,0,0,0,0,0,0,0,0,0,1,0,0,NA,NA,NA,NA,NA,NA,0.00149166666666667,-0.0072,0.010185,"Reject",0,1,0,0,0,16,2,2,3,3,5,2,-0.141487645801459,-0.441480657223646,0.579752018669781,0.49511002,0.91381418,0.04889976,0.37408313,0.49022005,0.3,0.43702119,0.0833333333333333,0.0833333333333333,"Low","High","Lowest","High"
106,"Reject",106,1307.5,-0.01684,-0.0262525,-0.0083725,0.0094125,-2.4797925,0.2395875,4,0.25,0.25,0.25,0.25,0,0,0,1,0,0,1,0.5,1,0,0,0,0,0,0,0,0,0.5,0,0,0.5,0,1,0,0.5,0,0,0,0,0,0,0,1,0,0,0,0,1,0,1,0,0,1,1,1,1,0,0,0,1,0,0,0,0,0,0,1,1,0,0,0,1,0,0,1,0,0,0,0,1,1,0,0,0,0,0,0,1,1,1,1,1,0,0,0,0,0,1,0,0,0,0,0,0,0,1,0,0,0,0,0,0,0,0,1,0,0,0,0,0,0,0,0,0,0,0,0,0,0,0,0,0,0,0,0,0,0,0,0,0,0,0,0,0,0,0,0,0,0,1,0,0,0,0,0,0,0,0,0,0,0,0,0,0,0,0,1,0,1,0,0,NA,NA,NA,NA,NA,NA,-0.01684,-0.0262525,-0.0083725,"Reject",0,1,0,0.75,0.75,13,1,2.5,4,4,2,2,-0.0498935891024364,-0.182127428366411,-0.0048838103153044,0.49511002,0.34229829,0.04889976,0.37408313,0.29400978,0.3,0.30906683,0.75,0.75,"Low","Low","Low","Lowest"
6,"Support",6,106.5,-0.01634,-0.0561675,0.0234825,0.0398275,-1.36238,0.232425,8,0.25,0.25,0.25,0.25,0,0,0,1,0,0,0,1,1,0,0,0,0,0,0,0,0,0,0,0,1,0,1,0,0,0,0,0,0,0,0,1,0,0,0,0,0,0,0,1,0,0,1,1,1,1,0,0,0,1,0,0,0,0,1,1,1,1,0,0,0,1,0,0,1,0,0,0,0,1,1,0,0,0,0,0,0,1,1,1,1,1,0,0,0,0,0,0,0,0,0,0,0,1,1,1,0,0,0,0,0,0,0,0,0,0,0,0,0,0,0,0,0,0,0,0,0,0,1,1,1,1,0,0,0,1,0,0,0,0,0,0,0,0,0,0,0,0,0,0,0,0,0,0,0,0,0,0,0,0,0,0,0,0,0,0,0,1,0,0,0,NA,NA,NA,NA,NA,NA,-0.01634,-0.0561675,0.0234825,"Support",1,0,0,0.5,0.5,15,4,3,2,5,3,2,0.787790282123816,1.44837000911246,-0.192412890017331,0.49511002,NA,0.04889976,0.68826406,0.49022005,0.3,0.404498778,0.375,0.5,"Highest","Low","Highest","Low"
10,"Support",10,126.5,0.00366833333333333,-0.0103316666666667,0.0176683333333333,0.014,-0.762886666666667,0.181485,12,0.166666666666667,0.166666666666667,0.166666666666667,0.166666666666667,0.166666666666667,0.166666666666667,0,1,0,0,0,1,1,1,1,0,0,1,0,0,0,0,0,0,0,1,1,0,0,0,1,0,0,0,0,1,0,0,0,0,1,0,0,1,0,0,1,1,1,0,0,0,0,0,0,0,0,0,0,0,1,1,0,0,0,1,0,0,0,0,0,0,0,0,0,0,0,0,0,0,0,1,1,0,1,0,0,0,0,0,0,0,0,0,0,0,1,1,0,1,0,0,0,0,0,0,0,0,0,0,0,0,0,0,0,0,0,0,0,0,0,0,1,1,1,1,0,0,0,1,0,0,0,0,0,0,0,0,0,0,1,0,0,0,0,0,0,0,0,0,0,0,0,0,0,0,0,0,0,0,0,1,0,0,0,NA,NA,NA,NA,NA,NA,0.00366833333333333,-0.0103316666666667,0.0176683333333333,"Support",1,0,0,0.333333333333333,0.5,6,5,3,2,5,5,1,0.419781778607029,0.527529025893923,0.445818388752728,0.49511002,NA,0.37041565,0.50977995,0.09779951,0.3,0.354621026,0.583333333333333,0.666666666666667,"High","High","High","Low"
16,"Support",16,172,-0.02708,-0.05208,-1e-05,0.025,-2.03916,0.04143,2,1,1,1,1,0,0,1,1,0,0,0,0,0,1,1,0,0,1,0,0,0,0,0,0,0,0,1,0,0,0,0,1,0,0,0,0,0,1,0,0,0,0,1,1,0,0,1,1,1,1,0,0,0,1,0,0,0,0,1,1,1,1,0,0,0,1,0,0,1,0,0,0,1,1,1,0,0,1,0,0,0,1,1,1,1,1,0,0,0,0,0,0,1,0,0,0,1,1,0,1,0,0,0,0,0,0,0,0,0,0,0,0,0,0,0,0,0,0,0,0,0,0,1,1,1,0,0,0,0,1,0,0,0,0,0,0,0,0,0,0,0,0,0,0,0,0,0,0,0,0,0,0,0,0,0,0,0,0,0,0,0,0,0,0,1,1,0,0,0,1,0,-0.02708,-0.05208,-1e-05,"Support",1,0,0,1,1,17,2,3,3,5,5,2,0.521326768675385,0.0822683726710002,0.544005977016367,0.49511002,0.58801956,0.37041565,0.50977995,0.35696822,0.3,0.436715566666667,0.5,0.5,"High","High","Low","High"
17,"Support",17,174,-0.01659,-0.02321,-0.00998,0.00662,-4.90828,1e-05,3,1,1,1,1,0,0,1,1,0,0,1,0,0,0,0,0,0,1,0,0,0,0,1,0,0,0,1,0,0,0,1,0,0,0,0,1,0,0,0,0,0,0,1,1,0,0,1,1,1,1,0,0,0,1,0,0,0,1,1,1,1,1,1,0,0,1,0,1,0,0,1,0,0,1,1,0,1,0,0,0,1,1,1,1,1,1,0,0,0,0,0,0,0,1,1,0,1,1,1,1,0,0,0,0,0,0,0,0,1,0,0,0,0,0,0,0,0,0,0,0,0,1,1,1,1,1,0,0,0,1,0,0,0,0,1,0,0,0,0,0,0,0,0,0,0,0,0,0,0,0,0,0,0,0,0,0,0,0,0,0,0,0,0,0,1,1,0,0,0,1,0,-0.01659,-0.02321,-0.00998,"Support",1,0,0,1,1,20,2,1,2,4,4,1,-0.344449431659056,-0.376630926613283,-0.201371924377532,0.49511002,0.91381418,0.37041565,NA,0.59046455,0.3,0.53396088,0.333333333333333,0.333333333333333,"Lowest","Low","Lowest","Highest"
19,"Support",19,191.8,6.99999999999998e-05,-0.004466,0.004604,0.004536,-0.029572,0.098652,10,1,1,1,1,1,1,1,1,0,0,0.2,1,0,0,0,0,0,0,0,0,0,0,0,0,0,0,1,0,1,0,0,0,0,0,0,1,0,0,0,0,1,0,1,0,0,0,1,1,0,1,0,0,0,1,0,0,0,1,0,0,1,1,0,0,0,1,0,0,1,0,1,0,0,1,1,0,1,0,0,0,1,1,1,1,1,1,0,0,0,0,0,0,0,0,0,0,0,0.2,0.2,0.2,0,0,0,0,0,0,0,0,0,0,0,0,0,0,0,0,0,0,0,0,0,0,1,1,1,1,1,0,0,1,0,0,0,0,0,0,0,0,0,0,0,0,0,0,0,0,0,0,0,0,0,0,0,0,0,0,0,0,0,0,0,1,0,0,0,NA,NA,NA,NA,NA,NA,6.99999999999998e-05,-0.004466,0.004604,"Support",1,0,0,0.4,0.4,17,4,2,3,5,3,3,0.214120863852526,-0.078492835033766,-0.0953454042805692,0.26650367,NA,0.04889976,0.37408313,0.09779951,0.3,0.217457214,0.4,0.6,"Low","Low","Low","Lowest"
21,"Support",21,202,-0.01332,-0.02168,-0.00495,0.00836,-3.11944,0.00181,2,1,1,1,1,1,1,1,1,0,0,0,1,0,0,0,0,0,0,0,0,0,0,0,0,0,0,1,0,1,0,0,0,0,0,0,1,0,0,0,0,0,0,1,0,0,0,1,1,1,1,0,0,0,0,0,0,0,0,0,0,1,1,0,0,0,0,0,0,1,0,0,0,0,1,1,0,0,0,0,0,0,1,1,1,1,1,0,0,0,0,0,0,0,0,0,0,0,0,0,1,0,0,0,0,0,0,0,0,1,0,0,0,0,0,0,0,0,0,0,0,0,0,1,1,1,1,1,0,0,1,0,0,0,0,0,0,0,0,0,0,0,1,0,0,0,0,0,0,0,0,0,0,0,0,0,0,0,0,0,0,0,1,0,0,0,NA,NA,NA,NA,NA,NA,-0.01332,-0.02168,-0.00495,"Support",1,0,0,1,1,11,4,2,4,5,4,1,-0.567260655228473,-0.163751221349704,0.251149637366048,0.49511002,NA,0.04889976,0.37408313,0.09779951,0.3,0.263178484,1,1,"Lowest","High","Low","Lowest"
26,"Support",26,258,-0.01302,-0.02227,-0.00377,0.00925,-2.75847,0.00581,4,1,1,1,1,0,0,1,1,0,0,0,0,0,1,1,0,0,0,1,1,0,1,0,0,0,0,1,0,0,0,1,0,0,0,0,1,0,0,0,0,0,0,1,1,0,0,1,1,1,1,0,0,0,1,0,0,0,1,1,1,1,1,1,0,0,1,0,0,0,0,0,0,0,1,1,0,0,0,0,0,0,1,1,1,1,1,0,0,0,0,0,0,0,1,1,0,0,1,1,0,0,0,0,0,0,0,0,0,1,0,0,0,0,0,0,0,0,0,0,0,0,0,1,0,1,1,1,0,0,1,0,0,0,0,0,0,0,0,0,0,1,0,0,0,0,0,0,0,0,0,0,0,0,0,0,0,0,0,0,0,0,1,0,0,0,NA,NA,NA,NA,NA,NA,-0.01302,-0.02227,-0.00377,"Support",1,0,0,1,1,16,4,3.5,2,5,5,2,0.245559305504766,1.15740595659466,0.37941207707803,0.49511002,0.91381418,0.53667482,0.50977995,0.59046455,0.3,0.557640586666667,0.75,0.75,"Low","High","Highest","Highest"
29,"Support",29,309.5,-0.00866208333333333,-0.0150741666666667,-0.00225041666666667,0.00641208333333333,-2.10097125,0.14805625,48,0.25,0.25,0.25,0.25,0,0,0,1,0,0,0,1,0.5,0,0,0,0,0,0,0,0,0,0,1,0,0,1,0,0,0,0,0,0,0,0,1,0,0,0,0,1,0,0,0,0,0,1,1,0,1,0,0,0,1,0,0,0,0,0,0,1,1,0,0,0,1,0,0,1,0,0,0,0,1,1,0,0,0,0,0,0,1,1,1,1,1,0,0,0,NA,0,1,0,0,0,0,0.333333333333333,0.333333333333333,0,0,0,0,0,0,0,0,0,0,0,0,0,0,0,0,0,0,0,0,0,0,0,0,1,1,1,1,0,0,0,1,0,0,0,0,0,0,0,0,0,0,0,0,0,0,0,0,0,0,0,0,0,0,0,0,0,0,0,1,0,0,1,0,0,0,1,1,0,0,0,1,0,-0.00866208333333333,-0.0150741666666667,-0.00225041666666667,"Support",1,0,0,0.5,0.5,13,5,2.5,2,4,4,2,0.0483210887276193,0.0823997684663741,-0.26784716528385,0.26650367,0.34229829,0.04889976,0.531173595,0.44254279,0.3,0.3219030175,0.25,0.25,"Low","Lowest","Low","Lowest"
37,"Support",37,449.5,-0.01141,-0.021715,-0.00111,0.010305,-2.131895,0.04689,3,1,1,1,1,1,1,1,1,0,0,0,0,0,1,1,0,0.5,0,1,1,0,0,1,0,0,0,1,0,0,0,1,0,0,0,0,1,0,0,0,0,0,0,1,1,1,1,1,1,1,1,0,0,0,1,0,0,0,1,1,1,1,1,1,0,0,1,0,1,1,0,0,0,0,1,1,0,1,0,0,0,0,1,1,1,1,1,0,0,0,0,0,0,0,0,0,0,0,0,0,0,0,0,0,0,0,0,0,0,0,0,0,0,0,0,0,0,0,0,0,0,0,0,1,1,1,1,0,0,1,1,0,0,0,0,0,0,0,0,0,0,0,0,0,0,0,0,0,0,0,0,0,0,0,0,0,0,0,0,0,0,0,0,0,0,1,1,0,0,0,1,0,-0.01141,-0.021715,-0.00111,"Support",1,0,0,0.5,1,19,6,2.33333333333333,2,5,4,3,0.62335393084649,1.32622977656268,-0.181383240015922,1,NA,0.53667482,0.50977995,0.59046455,0.3,0.587383864,0.333333333333333,0.666666666666667,"High","Low","Highest","Highest"
52,"Support",52,574.5,-0.00858222222222222,-0.0140916666666667,-0.00307555555555556,0.00550944444444444,-3.10295333333333,0.106137777777778,36,0.166666666666667,0.166666666666667,0.166666666666667,0.166666666666667,0.166666666666667,0.166666666666667,0,1,0,0,0.666666666666667,1,0,0,0,0,0,0,0,0,0,0,0,1,0,0,1,0,0,0,0,0,0,0,0,1,0,0,0,0,1,0,0,0.333333333333333,0,0,1,1,1,1,0,0,0,1,0,0,0,0,1,1,1,1,0,0,0,0.333333333333333,0,0,0.333333333333333,0,0,0,0,1,1,0,0,0,0,0,0,1,1,1,1,1,0,0,0,0,0,0,0,0,0,0,1,0,0,0,0,0,0,0,0,0,0,0,0,0,0,0,0,0,0,0,0,0,0,0,0,0,1,1,1,1,1,0,0,1,0,0,0,0,0,0,0,0,0,0,0,0,0,0,0,0,0,0,0,0,0,0,0,0,0,0,0,0,0,0,0,0,0,0,1,1,0,0,0,1,0,-0.00858222222222222,-0.0140916666666667,-0.00307555555555556,"Support",1,0,0,0.666666666666667,0.722222222222222,13.6666666666667,4,1.5,3,4,3,2,-0.489279108345111,-0.281412442387068,0.0707744363592433,0.49511002,NA,0.04889976,0.37408313,0.44254279,0.3,0.33212714,0.333333333333333,0.361111111111111,"Lowest","Low","Lowest","Lowest"
56,"Support",56,610,-0.007,-0.01,-0.005,0.003,-5.46875,1e-05,2,1,1,1,1,1,1,1,1,0,0,0,1,0,0,0,0,0,0,0,0,0,0,0,1,0,0,1,0,0,0,0,0,0,0,0,0,1,0,0,0,1,0,0,1,0,0,1,1,0,1,0,0,0,1,0,0,0,0,1,1,1,1,0,0,0,1,0,0,1,0,0,0,1,1,1,0,0,1,0,0,0,1,1,1,1,1,0,0,0,0,0,0,1,0,0,0,1,1,0,0,0,0,0,0,0,0,0,0,0,0,0,0,0,0,0,0,0,0,0,0,0,0,1,1,1,1,1,0,0,1,0,0,0,0,0,0,0,0,0,0,0,0,0,0,0,0,0,0,0,0,0,0,0,0,0,0,0,0,0,0,0,0,0,0,1,1,0,0,0,1,0,-0.007,-0.01,-0.005,"Support",1,0,0,1,1,17,4,3,2,4,4,1,0.294132083322291,-0.43543394649213,-0.447465872701904,0.26650367,0.58801956,0.04889976,0.37408313,0.44254279,0.3,0.336674818333333,0.5,0.5,"High","Lowest","Lowest","Lowest"
62,"Support",62,726.5,0.140185,0.117645,0.162725,0.02254,4.50465375,0.03595125,16,0.5,0.5,0.5,0.5,0.5,0.5,1,1,0,0,0.5,0.5,0,0,0,0,0,0,0,0,0,0.5,0,0,0,0,1,0,1,0,0,0,0,0,0,0,1,0,0,0,0,0,1,0,0,0,1,1,0,1,0,0,0,1,0,0,0,0,0,0,1,1,0,0,0,1,0,0,1,0,0,0,0,1,1,0,0,0,0,0,0,1,1,1,1,1,0,0,0,0,0,1,0,0,0,0,0,0,0,0,0,0,0,0,0,0,0,0,0,0,0,0,0,0,0,0,0,0,0.5,0.5,0,0,1,1,1,1,1,0,0,1,0,0,0,0,0,0,0,0,0,0,1,0,0,0,0,0,0,0,0,0,0,0,0,0,0,0,0,0,0,1,1,0,0,0,1,1,0,0,0,1,0,0.140185,0.117645,0.162725,"Support",1,0,0,0.25,0.25,13,6,1.66666666666667,4,5,5,3,-0.0123896260906125,0.220851962938488,-0.448566150685793,0.26650367,0.34229829,0.04889976,0.37408313,0.09779951,0.3,0.224682153,0.125,0.125,"Low","Lowest","Low","Lowest"
70,"Support",70,917.5,-0.0235,-0.04,-0.00975,0.0165,-2.96527125,0.02527,16,0.25,0.25,0.25,0.25,0,0,0,1,0,0,1,0,0,1,1,0,0,0,1,0,0,0,0,0,0,0,1,0,0,0,1,0,0,0,0,0,0,1,0,0,0,0,0,0,0,0,0.5,0.5,0,1,0,0,0,1,0,0,0,0,0,0,1,1,0,0,0,1,0,0,1,0,0,0,0,1,1,0,0,0,0,0,0,1,1,1,1,1,0,0,0,0,0,1,0,0,0,0,1,1,0,0,0,0,0,0,0,0,0,0,0,0,0,0,0,0,0,0,0,0,0,0,0,0,1,1,1,1,0,0,0,1,0,0,0,0,0,0,0,0,0,0,0,0,0,0,0,0,0,0,0,0,0,0,0,0,0,0,0,0,0,0,0,0,0,0,1,1,0,0,0,1,0,-0.0235,-0.04,-0.00975,"Support",1,0,0,0.75,1,13,5,3.5,2,5,4,2,-0.566834200177428,-0.00465467497018028,0.197313975930573,NA,0.34229829,0.59168704,0.50977995,0.59046455,0.3,0.466845966,0.375,0.5,"Lowest","Low","Low","High"
84,"Support",84,998.5,-0.096,-0.206,0.0143333333333333,0.11,-2.16504333333333,0.109195,12,0.166666666666667,0.166666666666667,0.166666666666667,0.166666666666667,0.166666666666667,0.166666666666667,0,1,0,0,1,1,0,0,0,0,0,0,0,0,0,0,0,0,1,0,0,1,0,0,0,0,0,0,0,0,1,0,0,0,0,1,0,0,0,0,1,1,0,1,0,0,0,1,0,0,0,0,0,0,1,1,0,0,0,1,0,0,1,0,0,0,0,1,1,0,0,0,0,0,0,1,1,1,1,1,0,0,0,0,0,1,0,0,0,0,1,1,0,0,0,0,0,0,0,0,0,0,0,0,0,0,0,0,0,0,0,0,0,0,0,0,0,0,1,1,1,0,0,1,0,0,0,0,0,0,0,0,0,0,1,0,0,0,0,0,0,0,0,0,0,0,0,0,0,0,0,0,0,0,0,0,0,0,1,1,0,0,0,1,0,-0.096,-0.206,0.0143333333333333,"Support",1,0,0,0.5,0.666666666666667,13,2,2.5,3,2,5,2,-0.150023359118102,-0.393413619685178,0.234969397662517,0.26650367,0.34229829,0.04889976,0.37408313,0.49022005,0.3,0.303667483333333,0.25,0.333333333333333,"Low","Low","Lowest","Lowest"
86,"Support",86,1034.5,-0.00335759259259259,-0.0106535185185185,0.00393759259259259,0.00729592592592593,0.567188703703704,0.143164444444444,54,0.166666666666667,0.166666666666667,0.166666666666667,0.166666666666667,0.166666666666667,0.166666666666667,0,1,0,0,0,1,0,0,0,0,0,0,0,0,0,0,0,1,0,0,1,0,0,0,0,0,0,0,0,1,0,0,0,0,1,0,0,0,0,0,1,1,1,1,0,0,0,0,0,0,0,0,0,0,1,1,0,0,0,0,0,0,1,0,0,0,0,1,1,0,0,0,0,0,0,1,1,1,1,1,0,0,0,0,0,0,0,0,0,0,0.333333333333333,0.333333333333333,0,0,0,0,0,0,0,0,0,0,0,0,0,0,0,0,0,0,0,0,0,0,0,0,1,1,1,1,1,0,0,1,0,0,0,0,0,0,0,0,0,0,0,0,0,0,0,0,0,0,0,0,0,0,0,0,0,0,0,0,0,0,0,1,0,0,0,0,1,0,1,0,0,-0.00335759259259259,-0.0106535185185185,0.00393759259259259,"Support",1,0,0,0.277777777777778,0.277777777777778,11,4,1,3,5,4,3,0.208694469098731,0.157025886732274,0.0128174779272662,0.49511002,NA,0.04889976,0.37408313,0.44254279,0.3,0.33212714,0.277777777777778,0.277777777777778,"Low","Low","Low","Lowest"
87,"Support",87,1064.5,-0.0236666666666667,-0.0333333333333333,-0.014,0.00966666666666667,-4.88720833333333,0.000481666666666667,12,0.166666666666667,0.166666666666667,0.166666666666667,0.166666666666667,0.166666666666667,0.166666666666667,0,1,0,0,1,0,0,1,1,0,0,1,0,0,0,0,0,0,0,0,0,0,0,1,0,1,0,0,0,0,1,0,0,0,0,1,0,0,0,0,1,1,1,1,0,0,1,1,1,1,1,1,1,1,1,1,1,0,0,1,1,1,1,1,1,0,1,1,1,0,1,1,1,0,1,1,1,1,1,1,1,0,0,0,0,0,0,1,1,0,0,0,0,1,0,0,0,0,0,0,0,0,0,0,0,0,0,0,0,0,0,0,0,0,0,0,1,1,1,0,0,0,0,1,0,0,0,0,0,0,0,0,0,0,0,0,0,0,0,0,0,0,0,0,0,0,0,0,0,0,0,0,0,0,0,0,0,0,1,1,0,0,0,1,0,-0.0236666666666667,-0.0333333333333333,-0.014,"Support",1,0,0,1,1,31,1,2,3,4,4,1,-0.291954462173234,-0.53898036286877,0.784693528404535,0.49511002,0.91381418,0.37041565,0.50977995,0.35696822,0.3,0.49101467,0.5,0.5,"Lowest","Highest","Lowest","High"
98,"Support",98,1229.5,-0.003485,-0.00959875,0.0026275,0.00611375,-1.16797,0.316085625,32,0.25,0.25,0.25,0.25,0,0,0,1,0,0,0,0,0,1,1,0,0,1,1,0,0,1,0,0,0,1,1,0,0,0,1,0,0,0,0,0,1,0,0,0,1,0,0,1,0,0,1,1,1,1,0,0,0,1,1,0,0,1,1,1,1,1,1,0,0,1,1,0,1,0,1,0,0,1,1,0,1,0,0,0,1,1,1,1,1,1,0,0,0,0,0,0,0,1,1,0,0.25,0.25,0,0,0,0,0,0,0,0,0,0,0,0,0,0,0,0,1,0,0,0,0,0,0,0,1,1,1,1,0,0,0,1,0,0,0,0,0,0,0,0,0,0,0,0,0,0,0,0,0,0,0,0,0,0,0,0,0,0,0,0,0,0,0.25,0,0,0,1,1,0,0,0,1,0,-0.003485,-0.00959875,0.0026275,"Support",1,0,0,0.25,0.375,22,6,1.5,3,2,3,2,-0.622955629568344,-0.401043606173922,-0.331756186720368,0.49511002,0.91381418,0.66136919,0.50977995,0.09779951,0.3,0.496312141666667,0.125,0.1875,"Lowest","Lowest","Lowest","High"
101,"Support",101,1271.5,-0.00271,-0.0120958333333333,0.00667875,0.00938583333333333,-0.64757625,0.557800833333333,48,0.25,0.25,0.25,0.25,0,0,0,1,0,0,0,0,0,1,1,0,0,0,1,0,0,0,0,1,0,0,1,0,0,0,0,0,0,0,0,1,0,0,0,0,1,0,0,0,0,0,0.5,0.5,0,1,0,0,0,1,0,0,0,0,0,0,1,1,0,0,0,0,0,0,1,0,0,0,0,1,1,0,0,0,0,0,0,1,1,1,1,1,0,0,0,0,0,1,0,0,0,0,0.333333333333333,0.333333333333333,1,1,0,0,0,0,0,0,0,0,0,1,0,0,0,0,0,0,0,0,0,1,0,0,0,1,1,1,0,0,0,1,0,0,0,0,0,0,0,0,0,0,0,0,0,0,0,0,0,0,0,0,0,0,0,0,0,0,0,0,0,0,0,1,0,0,0,NA,NA,NA,NA,NA,NA,-0.00271,-0.0120958333333333,0.00667875,"Support",1,0,0,0.0416666666666667,0.0416666666666667,12,5,1,2,4,5,2,0.00637492816242164,-0.388836946825095,-0.692849270615916,NA,0.34229829,0.59168704,0.50977995,0.44254279,0.3,0.437261614,0.0416666666666667,0.0625,"Low","Lowest","Lowest","High"
104,"Support",104,1303,-0.02348,-0.049925,0.00424,0.026445,-1.70487,0.091275,4,1,1,1,1,0,0,1,1,0,0,0,0,0,1,1,0,0,0,1,1,0,0,1,0,0,0,0,1,0,0,0,1,0,0,0,0,1,0,0,0,0,0,1,1,0,0,1,1,1,1,0,0,0,1,0,0,0,0,0,0,1,1,0,0,0,1,0,0,1,0,0,0,0,1,1,0,0,0,0,0,0,1,1,1,1,1,0,0,0,0,0,1,0,0,0,0,0,0,0,0,0,0,0,0,0,0,0,0,0,0,0,0,0,0,0,0,0,0,0,0,0,0,1,1,1,1,0,0,0,1,0,0,0,0,0,0,0,0,0,0,0,0,0,0,0,0,0,0,0,0,0.5,0,0,0,0,0,0,0,0,0,0.5,0,0,0,1,1,0,0,0,1,0,-0.02348,-0.049925,0.00424,"Support",1,0,0,0,0.5,13,5,3.5,2,3,4,2,0.258888188915897,0.00892102866607417,0.231611560688137,0.49511002,0.34229829,0.53667482,0.50977995,0.35696822,0.3,0.423471883333333,0,0.25,"High","Low","Low","High"
